locationName,filename,timestamps
flevopark_1,20220407215250-flevopark_1_wildlife wildlife camera1_2021-09-28_04-56-08_(1746).JPG,1632801368.0
flevopark_1,20220407215254-flevopark_1_wildlife wildlife camera1_2021-09-28_06-41-33_(1565).JPG,1632807693.0
flevopark_11,20220410093946-flevopark_11_wildlife camera1_2021-11-24_17-18-55_(211).JPG,1637770735.0
flevopark_11,20220410094034-flevopark_11_wildlife camera1_2021-11-25_16-53-09_(227).JPG,1637855589.0
flevopark_11,20220410094050-flevopark_11_wildlife camera1_2021-11-25_17-06-27_(232).JPG,1637856387.0
flevopark_11,20220410094833-flevopark_11_wildlife camera1_2021-11-30_08-37-56_(392).JPG,1638257876.0
flevopark_11,20220410094857-flevopark_11_wildlife camera1_2021-11-30_18-21-23_(402).JPG,1638292883.0
flevopark_11,20220417133304-flevopark_11_wildlife wildlife camera1_2021-11-24_07-02-04_(825).JPG,1637733724.0
flevopark_11,20220410094934-flevopark_11_wildlife camera1_2021-12-01_02-09-59_(417).JPG,1638320999.0
flevopark_11,20220410094952-flevopark_11_wildlife camera1_2021-12-01_08-34-39_(427).JPG,1638344079.0
flevopark_11,20220410095012-flevopark_11_wildlife camera1_2021-12-01_08-36-49_(437).JPG,1638344209.0
flevopark_11,20220410095033-flevopark_11_wildlife camera1_2021-12-01_18-00-26_(448).JPG,1638378026.0
flevopark_11,20220410095033-flevopark_11_wildlife camera1_2021-12-01_20-45-47_(449).JPG,1638387947.0
flevopark_11,20220410094921-flevopark_11_wildlife camera1_2021-11-30_20-51-00_(412).JPG,1638301860.0
flevopark_13,20220510234428-flevopark_13_wildlife wildlife camera1_2021-10-01_02-02-03_(4808).JPG,1633050123.0
flevopark_13,20220510234436-flevopark_13_wildlife wildlife camera1_2021-10-01_20-54-58_(5088).JPG,1633118098.0
flevopark_13,20220510234437-flevopark_13_wildlife wildlife camera1_2021-10-01_22-39-48_(5197).JPG,1633124388.0
flevopark_13,20220510234437-flevopark_13_wildlife wildlife camera1_2021-10-01_22-58-25_(5235).JPG,1633125505.0
flevopark_13,20220510234650-flevopark_13_wildlife wildlife camera1_2021-10-04_21-18-10_(1613).JPG,1633378690.0
flevopark_13,20220510234516-flevopark_13_wildlife wildlife camera1_2021-10-03_06-25-46_(60).JPG,1633238746.0
flevopark_13,20220510234742-flevopark_13_wildlife wildlife camera1_2021-10-07_21-40-22_(1959).JPG,1633639222.0
flevopark_13,20220510234743-flevopark_13_wildlife wildlife camera1_2021-10-07_22-17-18_(2002).JPG,1633641438.0
flevopark_13,20220510234427-flevopark_13_wildlife wildlife camera1_2021-10-01_01-08-42_(5207).JPG,1633046922.0
flevopark_13,20220510234438-flevopark_13_wildlife wildlife camera1_2021-10-01_23-03-34_(5313).JPG,1633125814.0
flevopark_13,20220510234426-flevopark_13_wildlife wildlife camera1_2021-09-30_23-28-05_(4014).JPG,1633040885.0
flevopark_13,20220510234436-flevopark_13_wildlife wildlife camera1_2021-10-01_20-48-37_(5062).JPG,1633117717.0
flevopark_13,20220510234415-flevopark_13_wildlife wildlife camera1_2021-09-30_06-39-36_(2132).JPG,1632980376.0
flevopark_13,20220510234414-flevopark_13_wildlife wildlife camera1_2021-09-30_02-24-19_(2142).JPG,1632965059.0
flevopark_13,20220510234414-flevopark_13_wildlife wildlife camera1_2021-09-30_00-02-32_(3158).JPG,1632956552.0
flevopark_13,20220510234426-flevopark_13_wildlife wildlife camera1_2021-09-30_22-27-56_(4473).JPG,1633037276.0
flevopark_2,20220410110526-flevopark_2_wildlife camera1_2021-12-01_01-08-06_(1392).JPG,1638317286.0
flevopark_2,20220410110525-flevopark_2_wildlife camera1_2021-11-30_06-18-29_(1387).JPG,1638249509.0
flevopark_2,20220410110513-flevopark_2_wildlife camera1_2021-11-30_00-35-42_(1302).JPG,1638228942.0
flevopark_2,20220410110500-flevopark_2_wildlife camera1_2021-11-29_07-03-56_(1257).JPG,1638165836.0
flevopark_2,20220410110459-flevopark_2_wildlife camera1_2021-11-29_05-21-59_(1252).JPG,1638159719.0
flevopark_2,20220410110456-flevopark_2_wildlife camera1_2021-11-29_00-03-12_(1232).JPG,1638140592.0
flevopark_2,20220410110456-flevopark_2_wildlife camera1_2021-11-28_20-57-13_(1227).JPG,1638129433.0
flevopark_2,20220410110455-flevopark_2_wildlife camera1_2021-11-28_19-06-39_(1222).JPG,1638122799.0
flevopark_2,20220410110440-flevopark_2_wildlife camera1_2021-11-28_08-32-44_(1132).JPG,1638084764.0
flevopark_2,20220410110440-flevopark_2_wildlife camera1_2021-11-28_07-23-09_(1127).JPG,1638080589.0
flevopark_2,20220410110439-flevopark_2_wildlife camera1_2021-11-28_07-18-27_(1122).JPG,1638080307.0
flevopark_2,20220410110316-flevopark_2_wildlife camera1_2021-11-25_17-11-45_(596).JPG,1637856705.0
flevopark_2,20220410110346-flevopark_2_wildlife camera1_2021-11-26_21-43-04_(766).JPG,1637959384.0
flevopark_2,20220410110346-flevopark_2_wildlife camera1_2021-11-26_22-12-01_(771).JPG,1637961121.0
flevopark_2,20220410110350-flevopark_2_wildlife camera1_2021-11-27_00-28-02_(796).JPG,1637969282.0
flevopark_2,20220410110406-flevopark_2_wildlife camera1_2021-11-27_02-58-14_(906).JPG,1637978294.0
flevopark_2,20220410110408-flevopark_2_wildlife camera1_2021-11-27_03-01-09_(921).JPG,1637978469.0
flevopark_2,20220410110436-flevopark_2_wildlife camera1_2021-11-28_05-57-07_(1102).JPG,1638075427.0
flevopark_2,20220410110435-flevopark_2_wildlife camera1_2021-11-28_05-53-49_(1097).JPG,1638075229.0
flevopark_2,20220410110418-flevopark_2_wildlife camera1_2021-11-27_19-08-07_(977).JPG,1638036487.0
flevopark_2,20220410110413-flevopark_2_wildlife camera1_2021-11-27_05-52-05_(952).JPG,1637988725.0
flevopark_2,20220410110412-flevopark_2_wildlife camera1_2021-11-27_05-49-24_(947).JPG,1637988564.0
flevopark_2,20220410110411-flevopark_2_wildlife camera1_2021-11-27_05-47-22_(942).JPG,1637988442.0
flevopark_2,20220410110411-flevopark_2_wildlife camera1_2021-11-27_04-07-27_(937).JPG,1637982447.0
flevopark_2,20220419125258-flevopark_2_wildlife wildlife camera1_2021-09-29_19-14-15_(2368).JPG,1632939255.0
flevopark_2,20220410110320-flevopark_2_wildlife camera1_2021-11-25_17-45-04_(616).JPG,1637858704.0
flevopark_2,20220419125257-flevopark_2_wildlife wildlife camera1_2021-09-29_19-11-26_(2322).JPG,1632939086.0
flevopark_2,20220410110542-flevopark_2_wildlife camera1_2021-12-01_20-21-43_(1497).JPG,1638386503.0
flevopark_2,20220419125202-flevopark_2_wildlife wildlife camera1_2021-09-29_18-38-52_(2007).JPG,1632937132.0
flevopark_2,20220419125150-flevopark_2_wildlife wildlife camera1_2021-09-29_18-24-09_(3585).JPG,1632936249.0
flevopark_2,20220410110536-flevopark_2_wildlife camera1_2021-12-01_19-57-09_(1452).JPG,1638385029.0
flevopark_2,20220419125252-flevopark_2_wildlife wildlife camera1_2021-09-29_19-05-29_(2165).JPG,1632938729.0
flevopark_3,20220407131159-flevopark_3_wildlife camera1_2021-09-30_05-42-22_(452).JPG,1632976942.0
flevopark_4,20220410092546-flevopark_4_wildlife camera1_2021-11-28_19-00-16_(367).JPG,1638122416.0
flevopark_4,20220407113218-flevopark_4_wildlife camera1_2021-09-30_22-04-11_(226).JPG,1633035851.0
flevopark_4,20220407113103-flevopark_4_wildlife camera1_2021-09-29_06-46-22_(201).JPG,1632894382.0
flevopark_4,20220407112713-flevopark_4_wildlife camera1_2021-09-29_02-42-14_(121).JPG,1632879734.0
flevopark_5,20220407124504-flevopark_3_wildlife camera1_2021-09-30_05-42-22_(452).JPG,1632976942.0
flevopark_5,20220407124835-flevopark_3_wildlife camera1_2021-10-04_06-40-33_(572).JPG,1633326033.0
flevopark_5,20220407124836-flevopark_3_wildlife camera1_2021-10-04_17-00-21_(577).JPG,1633363221.0
flevopark_5,20220407124832-flevopark_3_wildlife camera1_2021-10-04_06-10-04_(567).JPG,1633324204.0
flevopark_5,20220407124847-flevopark_3_wildlife camera1_2021-10-04_22-57-52_(597).JPG,1633384672.0
flevopark_5,20220407124839-flevopark_3_wildlife camera1_2021-10-04_19-53-59_(582).JPG,1633373639.0
flevopark_6,20220407120258-flevopark_6_wildlife camera1_2021-09-30_21-35-56_(722).JPG,1633034156.0
flevopark_6,20220407113113-flevopark_6_wildlife camera1_2021-09-29_01-06-08_(146).JPG,1632873968.0
flevopark_8,20220424080006-flevopark_8_wildlife wildlife camera1_2021-09-28_16-51-45_(1814).JPG,1632844305.0
flevopark_8,20220424075952-flevopark_8_wildlife wildlife camera1_2021-09-27_17-13-24_(1796).JPG,1632759204.0
flevopark_8,20220424075924-flevopark_8_wildlife wildlife camera1_2021-09-26_19-12-43_(1352).JPG,1632679963.0
flevopark_8,20220424075905-flevopark_8_wildlife wildlife camera1_2021-09-25_10-26-39_(1677).JPG,1632561999.0
flevopark_8,20220424075858-flevopark_8_wildlife wildlife camera1_2021-09-24_05-28-06_(1319).JPG,1632457686.0
flevopark_8,20220424075821-flevopark_8_wildlife wildlife camera1_2021-09-20_13-57-32_(1270).JPG,1632142652.0
flevopark_8,20220424075728-flevopark_8_wildlife wildlife camera1_2021-09-18_16-10-58_(1118).JPG,1631977858.0
flevopark_8,20220424075727-flevopark_8_wildlife wildlife camera1_2021-09-18_13-41-22_(1080).JPG,1631968882.0
flevopark_8,20220424075706-flevopark_8_wildlife wildlife camera1_2021-09-18_00-39-35_(798).JPG,1631921975.0
flevopark_8,20220424075647-flevopark_8_wildlife wildlife camera1_2021-09-17_18-58-15_(1067).JPG,1631901495.0
flevopark_8,20220424080013-flevopark_8_wildlife wildlife camera1_2021-09-29_03-14-13_(2173).JPG,1632881653.0
flevopark_9,20220503092910-flevopark_9_wildlife wildlife camera1_2021-09-29_19-59-51_(678).JPG,1632941991.0
